CSVPrinter.java,org.apache.commons.csv.CSVPrinter,org.pitest.mutationtest.engine.gregor.mutators.NegateConditionalsMutator,<init>,47,KILLED,org.apache.commons.csv.CSVPrinterTest.testMultiLineComment(org.apache.commons.csv.CSVPrinterTest)
CSVPrinter.java,org.apache.commons.csv.CSVPrinter,org.pitest.mutationtest.engine.gregor.mutators.VoidMethodCallMutator,<init>,49,SURVIVED,none
CSVPrinter.java,org.apache.commons.csv.CSVPrinter,org.pitest.mutationtest.engine.gregor.mutators.NegateConditionalsMutator,flush,70,SURVIVED,none
CSVPrinter.java,org.apache.commons.csv.CSVPrinter,org.pitest.mutationtest.engine.gregor.mutators.VoidMethodCallMutator,flush,71,SURVIVED,none
CSVPrinter.java,org.apache.commons.csv.CSVPrinter,org.pitest.mutationtest.engine.gregor.mutators.MathMutator,print,138,NO_COVERAGE,none
CSVPrinter.java,org.apache.commons.csv.CSVPrinter,org.pitest.mutationtest.engine.gregor.mutators.NegateConditionalsMutator,print,132,KILLED,org.apache.commons.csv.CSVPrinterTest.testPrinter6(org.apache.commons.csv.CSVPrinterTest)
CSVPrinter.java,org.apache.commons.csv.CSVPrinter,org.pitest.mutationtest.engine.gregor.mutators.NegateConditionalsMutator,print,134,KILLED,org.apache.commons.csv.CSVPrinterTest.testRandom(org.apache.commons.csv.CSVPrinterTest)
CSVPrinter.java,org.apache.commons.csv.CSVPrinter,org.pitest.mutationtest.engine.gregor.mutators.VoidMethodCallMutator,print,133,KILLED,org.apache.commons.csv.CSVPrinterTest.testPrintNullValues(org.apache.commons.csv.CSVPrinterTest)
CSVPrinter.java,org.apache.commons.csv.CSVPrinter,org.pitest.mutationtest.engine.gregor.mutators.VoidMethodCallMutator,print,135,KILLED,org.apache.commons.csv.CSVPrinterTest.testRandom(org.apache.commons.csv.CSVPrinterTest)
CSVPrinter.java,org.apache.commons.csv.CSVPrinter,org.pitest.mutationtest.engine.gregor.mutators.VoidMethodCallMutator,print,137,NO_COVERAGE,none
CSVPrinter.java,org.apache.commons.csv.CSVPrinter,org.pitest.mutationtest.engine.gregor.mutators.VoidMethodCallMutator,print,305,KILLED,org.apache.commons.csv.CSVPrinterTest.testPrintNullValues(org.apache.commons.csv.CSVPrinterTest)
CSVPrinter.java,org.apache.commons.csv.CSVPrinter,org.pitest.mutationtest.engine.gregor.mutators.NegateConditionalsMutator,print,284,KILLED,org.apache.commons.csv.CSVPrinterTest.testPrintNullValues(org.apache.commons.csv.CSVPrinterTest)
CSVPrinter.java,org.apache.commons.csv.CSVPrinter,org.pitest.mutationtest.engine.gregor.mutators.NegateConditionalsMutator,print,289,KILLED,org.apache.commons.csv.CSVPrinterTest.testPrinter6(org.apache.commons.csv.CSVPrinterTest)
CSVPrinter.java,org.apache.commons.csv.CSVPrinter,org.pitest.mutationtest.engine.gregor.mutators.VoidMethodCallMutator,print,291,NO_COVERAGE,none
CSVPrinter.java,org.apache.commons.csv.CSVPrinter,org.pitest.mutationtest.engine.gregor.mutators.VoidMethodCallMutator,print,294,KILLED,org.apache.commons.csv.CSVPrinterTest.testPrintNullValues(org.apache.commons.csv.CSVPrinterTest)
CSVPrinter.java,org.apache.commons.csv.CSVPrinter,org.pitest.mutationtest.engine.gregor.mutators.ConditionalsBoundaryMutator,printAndEncapsulate,200,KILLED,org.apache.commons.csv.CSVPrinterTest.testPrintNullValues(org.apache.commons.csv.CSVPrinterTest)
CSVPrinter.java,org.apache.commons.csv.CSVPrinter,org.pitest.mutationtest.engine.gregor.mutators.ConditionalsBoundaryMutator,printAndEncapsulate,212,SURVIVED,none
CSVPrinter.java,org.apache.commons.csv.CSVPrinter,org.pitest.mutationtest.engine.gregor.mutators.ConditionalsBoundaryMutator,printAndEncapsulate,212,SURVIVED,none
CSVPrinter.java,org.apache.commons.csv.CSVPrinter,org.pitest.mutationtest.engine.gregor.mutators.ConditionalsBoundaryMutator,printAndEncapsulate,212,SURVIVED,none
CSVPrinter.java,org.apache.commons.csv.CSVPrinter,org.pitest.mutationtest.engine.gregor.mutators.ConditionalsBoundaryMutator,printAndEncapsulate,212,SURVIVED,none
CSVPrinter.java,org.apache.commons.csv.CSVPrinter,org.pitest.mutationtest.engine.gregor.mutators.ConditionalsBoundaryMutator,printAndEncapsulate,212,KILLED,org.apache.commons.csv.CSVPrinterTest.testPrintNullValues(org.apache.commons.csv.CSVPrinterTest)
CSVPrinter.java,org.apache.commons.csv.CSVPrinter,org.pitest.mutationtest.engine.gregor.mutators.ConditionalsBoundaryMutator,printAndEncapsulate,212,SURVIVED,none
CSVPrinter.java,org.apache.commons.csv.CSVPrinter,org.pitest.mutationtest.engine.gregor.mutators.ConditionalsBoundaryMutator,printAndEncapsulate,219,SURVIVED,none
CSVPrinter.java,org.apache.commons.csv.CSVPrinter,org.pitest.mutationtest.engine.gregor.mutators.ConditionalsBoundaryMutator,printAndEncapsulate,225,KILLED,org.apache.commons.csv.CSVPrinterTest.testPrintNullValues(org.apache.commons.csv.CSVPrinterTest)
CSVPrinter.java,org.apache.commons.csv.CSVPrinter,org.pitest.mutationtest.engine.gregor.mutators.ConditionalsBoundaryMutator,printAndEncapsulate,240,KILLED,org.apache.commons.csv.CSVPrinterTest.testPrinter3(org.apache.commons.csv.CSVPrinterTest)
CSVPrinter.java,org.apache.commons.csv.CSVPrinter,org.pitest.mutationtest.engine.gregor.mutators.ConditionalsBoundaryMutator,printAndEncapsulate,258,KILLED,org.apache.commons.csv.CSVPrinterTest.testPrinter6(org.apache.commons.csv.CSVPrinterTest)
CSVPrinter.java,org.apache.commons.csv.CSVPrinter,org.pitest.mutationtest.engine.gregor.mutators.IncrementsMutator,printAndEncapsulate,269,KILLED,org.apache.commons.csv.CSVPrinterTest.testPrinter6(org.apache.commons.csv.CSVPrinterTest)
CSVPrinter.java,org.apache.commons.csv.CSVPrinter,org.pitest.mutationtest.engine.gregor.mutators.MathMutator,printAndEncapsulate,193,KILLED,org.apache.commons.csv.CSVPrinterTest.testPrintNullValues(org.apache.commons.csv.CSVPrinterTest)
CSVPrinter.java,org.apache.commons.csv.CSVPrinter,org.pitest.mutationtest.engine.gregor.mutators.MathMutator,printAndEncapsulate,235,KILLED,org.apache.commons.csv.CSVPrinterTest.testPrintNullValues(org.apache.commons.csv.CSVPrinterTest)
CSVPrinter.java,org.apache.commons.csv.CSVPrinter,org.pitest.mutationtest.engine.gregor.mutators.MathMutator,printAndEncapsulate,264,KILLED,org.apache.commons.csv.CSVPrinterTest.testPrinter4(org.apache.commons.csv.CSVPrinterTest)
CSVPrinter.java,org.apache.commons.csv.CSVPrinter,org.pitest.mutationtest.engine.gregor.mutators.NegateConditionalsMutator,printAndEncapsulate,200,KILLED,org.apache.commons.csv.CSVPrinterTest.testPrintNullValues(org.apache.commons.csv.CSVPrinterTest)
CSVPrinter.java,org.apache.commons.csv.CSVPrinter,org.pitest.mutationtest.engine.gregor.mutators.NegateConditionalsMutator,printAndEncapsulate,205,KILLED,org.apache.commons.csv.CSVPrinterTest.testPrintNullValues(org.apache.commons.csv.CSVPrinterTest)
CSVPrinter.java,org.apache.commons.csv.CSVPrinter,org.pitest.mutationtest.engine.gregor.mutators.NegateConditionalsMutator,printAndEncapsulate,212,SURVIVED,none
CSVPrinter.java,org.apache.commons.csv.CSVPrinter,org.pitest.mutationtest.engine.gregor.mutators.NegateConditionalsMutator,printAndEncapsulate,212,KILLED,org.apache.commons.csv.CSVPrinterTest.testPrintNullValues(org.apache.commons.csv.CSVPrinterTest)
CSVPrinter.java,org.apache.commons.csv.CSVPrinter,org.pitest.mutationtest.engine.gregor.mutators.NegateConditionalsMutator,printAndEncapsulate,212,SURVIVED,none
CSVPrinter.java,org.apache.commons.csv.CSVPrinter,org.pitest.mutationtest.engine.gregor.mutators.NegateConditionalsMutator,printAndEncapsulate,212,KILLED,org.apache.commons.csv.CSVPrinterTest.testPrintNullValues(org.apache.commons.csv.CSVPrinterTest)
CSVPrinter.java,org.apache.commons.csv.CSVPrinter,org.pitest.mutationtest.engine.gregor.mutators.NegateConditionalsMutator,printAndEncapsulate,212,SURVIVED,none
CSVPrinter.java,org.apache.commons.csv.CSVPrinter,org.pitest.mutationtest.engine.gregor.mutators.NegateConditionalsMutator,printAndEncapsulate,212,KILLED,org.apache.commons.csv.CSVPrinterTest.testPrintNullValues(org.apache.commons.csv.CSVPrinterTest)
CSVPrinter.java,org.apache.commons.csv.CSVPrinter,org.pitest.mutationtest.engine.gregor.mutators.NegateConditionalsMutator,printAndEncapsulate,212,KILLED,org.apache.commons.csv.CSVPrinterTest.testPrintNullValues(org.apache.commons.csv.CSVPrinterTest)
CSVPrinter.java,org.apache.commons.csv.CSVPrinter,org.pitest.mutationtest.engine.gregor.mutators.NegateConditionalsMutator,printAndEncapsulate,219,KILLED,org.apache.commons.csv.CSVPrinterTest.testPrintNullValues(org.apache.commons.csv.CSVPrinterTest)
CSVPrinter.java,org.apache.commons.csv.CSVPrinter,org.pitest.mutationtest.engine.gregor.mutators.NegateConditionalsMutator,printAndEncapsulate,225,KILLED,org.apache.commons.csv.CSVPrinterTest.testPrinter6(org.apache.commons.csv.CSVPrinterTest)
CSVPrinter.java,org.apache.commons.csv.CSVPrinter,org.pitest.mutationtest.engine.gregor.mutators.NegateConditionalsMutator,printAndEncapsulate,227,KILLED,org.apache.commons.csv.CSVPrinterTest.testPrintNullValues(org.apache.commons.csv.CSVPrinterTest)
CSVPrinter.java,org.apache.commons.csv.CSVPrinter,org.pitest.mutationtest.engine.gregor.mutators.NegateConditionalsMutator,printAndEncapsulate,227,KILLED,org.apache.commons.csv.CSVPrinterTest.testPrintNullValues(org.apache.commons.csv.CSVPrinterTest)
CSVPrinter.java,org.apache.commons.csv.CSVPrinter,org.pitest.mutationtest.engine.gregor.mutators.NegateConditionalsMutator,printAndEncapsulate,227,KILLED,org.apache.commons.csv.CSVPrinterTest.testPrintNullValues(org.apache.commons.csv.CSVPrinterTest)
CSVPrinter.java,org.apache.commons.csv.CSVPrinter,org.pitest.mutationtest.engine.gregor.mutators.NegateConditionalsMutator,printAndEncapsulate,227,KILLED,org.apache.commons.csv.CSVPrinterTest.testPrintNullValues(org.apache.commons.csv.CSVPrinterTest)
CSVPrinter.java,org.apache.commons.csv.CSVPrinter,org.pitest.mutationtest.engine.gregor.mutators.NegateConditionalsMutator,printAndEncapsulate,234,KILLED,org.apache.commons.csv.CSVPrinterTest.testPrinter4(org.apache.commons.csv.CSVPrinterTest)
CSVPrinter.java,org.apache.commons.csv.CSVPrinter,org.pitest.mutationtest.engine.gregor.mutators.NegateConditionalsMutator,printAndEncapsulate,240,KILLED,org.apache.commons.csv.CSVPrinterTest.testPrintNullValues(org.apache.commons.csv.CSVPrinterTest)
CSVPrinter.java,org.apache.commons.csv.CSVPrinter,org.pitest.mutationtest.engine.gregor.mutators.NegateConditionalsMutator,printAndEncapsulate,247,KILLED,org.apache.commons.csv.CSVPrinterTest.testPrintNullValues(org.apache.commons.csv.CSVPrinterTest)
CSVPrinter.java,org.apache.commons.csv.CSVPrinter,org.pitest.mutationtest.engine.gregor.mutators.NegateConditionalsMutator,printAndEncapsulate,258,KILLED,org.apache.commons.csv.CSVPrinterTest.testPrinter6(org.apache.commons.csv.CSVPrinterTest)
CSVPrinter.java,org.apache.commons.csv.CSVPrinter,org.pitest.mutationtest.engine.gregor.mutators.NegateConditionalsMutator,printAndEncapsulate,260,KILLED,org.apache.commons.csv.CSVPrinterTest.testPrinter6(org.apache.commons.csv.CSVPrinterTest)
CSVPrinter.java,org.apache.commons.csv.CSVPrinter,org.pitest.mutationtest.engine.gregor.mutators.VoidMethodCallMutator,printAndEncapsulate,195,KILLED,org.apache.commons.csv.CSVPrinterTest.testPrintNullValues(org.apache.commons.csv.CSVPrinterTest)
CSVPrinter.java,org.apache.commons.csv.CSVPrinter,org.pitest.mutationtest.engine.gregor.mutators.ConditionalsBoundaryMutator,printAndEscape,160,KILLED,org.apache.commons.csv.CSVPrinterTest.testRandom(org.apache.commons.csv.CSVPrinterTest)
CSVPrinter.java,org.apache.commons.csv.CSVPrinter,org.pitest.mutationtest.engine.gregor.mutators.ConditionalsBoundaryMutator,printAndEscape,164,SURVIVED,none
CSVPrinter.java,org.apache.commons.csv.CSVPrinter,org.pitest.mutationtest.engine.gregor.mutators.ConditionalsBoundaryMutator,printAndEscape,183,SURVIVED,none
CSVPrinter.java,org.apache.commons.csv.CSVPrinter,org.pitest.mutationtest.engine.gregor.mutators.IncrementsMutator,printAndEscape,179,KILLED,org.apache.commons.csv.CSVPrinterTest.testRandom(org.apache.commons.csv.CSVPrinterTest)
CSVPrinter.java,org.apache.commons.csv.CSVPrinter,org.pitest.mutationtest.engine.gregor.mutators.MathMutator,printAndEscape,153,KILLED,org.apache.commons.csv.CSVPrinterTest.testRandom(org.apache.commons.csv.CSVPrinterTest)
CSVPrinter.java,org.apache.commons.csv.CSVPrinter,org.pitest.mutationtest.engine.gregor.mutators.MathMutator,printAndEscape,176,KILLED,org.apache.commons.csv.CSVPrinterTest.testRandom(org.apache.commons.csv.CSVPrinterTest)
CSVPrinter.java,org.apache.commons.csv.CSVPrinter,org.pitest.mutationtest.engine.gregor.mutators.NegateConditionalsMutator,printAndEscape,160,KILLED,org.apache.commons.csv.CSVPrinterTest.testRandom(org.apache.commons.csv.CSVPrinterTest)
CSVPrinter.java,org.apache.commons.csv.CSVPrinter,org.pitest.mutationtest.engine.gregor.mutators.NegateConditionalsMutator,printAndEscape,162,KILLED,org.apache.commons.csv.CSVPrinterTest.testRandom(org.apache.commons.csv.CSVPrinterTest)
CSVPrinter.java,org.apache.commons.csv.CSVPrinter,org.pitest.mutationtest.engine.gregor.mutators.NegateConditionalsMutator,printAndEscape,162,KILLED,org.apache.commons.csv.CSVPrinterTest.testRandom(org.apache.commons.csv.CSVPrinterTest)
CSVPrinter.java,org.apache.commons.csv.CSVPrinter,org.pitest.mutationtest.engine.gregor.mutators.NegateConditionalsMutator,printAndEscape,162,KILLED,org.apache.commons.csv.CSVPrinterTest.testRandom(org.apache.commons.csv.CSVPrinterTest)
CSVPrinter.java,org.apache.commons.csv.CSVPrinter,org.pitest.mutationtest.engine.gregor.mutators.NegateConditionalsMutator,printAndEscape,162,KILLED,org.apache.commons.csv.CSVPrinterTest.testRandom(org.apache.commons.csv.CSVPrinterTest)
CSVPrinter.java,org.apache.commons.csv.CSVPrinter,org.pitest.mutationtest.engine.gregor.mutators.NegateConditionalsMutator,printAndEscape,164,KILLED,org.apache.commons.csv.CSVPrinterTest.testRandom(org.apache.commons.csv.CSVPrinterTest)
CSVPrinter.java,org.apache.commons.csv.CSVPrinter,org.pitest.mutationtest.engine.gregor.mutators.NegateConditionalsMutator,printAndEscape,167,KILLED,org.apache.commons.csv.CSVPrinterTest.testRandom(org.apache.commons.csv.CSVPrinterTest)
CSVPrinter.java,org.apache.commons.csv.CSVPrinter,org.pitest.mutationtest.engine.gregor.mutators.NegateConditionalsMutator,printAndEscape,169,KILLED,org.apache.commons.csv.CSVPrinterTest.testRandom(org.apache.commons.csv.CSVPrinterTest)
CSVPrinter.java,org.apache.commons.csv.CSVPrinter,org.pitest.mutationtest.engine.gregor.mutators.NegateConditionalsMutator,printAndEscape,183,KILLED,org.apache.commons.csv.CSVPrinterTest.testRandom(org.apache.commons.csv.CSVPrinterTest)
CSVPrinter.java,org.apache.commons.csv.CSVPrinter,org.pitest.mutationtest.engine.gregor.mutators.VoidMethodCallMutator,printAndEscape,155,KILLED,org.apache.commons.csv.CSVPrinterTest.testRandom(org.apache.commons.csv.CSVPrinterTest)
CSVPrinter.java,org.apache.commons.csv.CSVPrinter,org.pitest.mutationtest.engine.gregor.mutators.ConditionalsBoundaryMutator,printComment,109,KILLED,org.apache.commons.csv.CSVPrinterTest.testMultiLineComment(org.apache.commons.csv.CSVPrinterTest)
CSVPrinter.java,org.apache.commons.csv.CSVPrinter,org.pitest.mutationtest.engine.gregor.mutators.ConditionalsBoundaryMutator,printComment,113,NO_COVERAGE,none
CSVPrinter.java,org.apache.commons.csv.CSVPrinter,org.pitest.mutationtest.engine.gregor.mutators.IncrementsMutator,printComment,114,NO_COVERAGE,none
CSVPrinter.java,org.apache.commons.csv.CSVPrinter,org.pitest.mutationtest.engine.gregor.mutators.MathMutator,printComment,113,NO_COVERAGE,none
CSVPrinter.java,org.apache.commons.csv.CSVPrinter,org.pitest.mutationtest.engine.gregor.mutators.MathMutator,printComment,113,NO_COVERAGE,none
CSVPrinter.java,org.apache.commons.csv.CSVPrinter,org.pitest.mutationtest.engine.gregor.mutators.NegateConditionalsMutator,printComment,101,KILLED,org.apache.commons.csv.CSVPrinterTest.testDisabledComment(org.apache.commons.csv.CSVPrinterTest)
CSVPrinter.java,org.apache.commons.csv.CSVPrinter,org.pitest.mutationtest.engine.gregor.mutators.NegateConditionalsMutator,printComment,104,KILLED,org.apache.commons.csv.CSVPrinterTest.testMultiLineComment(org.apache.commons.csv.CSVPrinterTest)
CSVPrinter.java,org.apache.commons.csv.CSVPrinter,org.pitest.mutationtest.engine.gregor.mutators.NegateConditionalsMutator,printComment,109,KILLED,org.apache.commons.csv.CSVPrinterTest.testMultiLineComment(org.apache.commons.csv.CSVPrinterTest)
CSVPrinter.java,org.apache.commons.csv.CSVPrinter,org.pitest.mutationtest.engine.gregor.mutators.NegateConditionalsMutator,printComment,113,NO_COVERAGE,none
CSVPrinter.java,org.apache.commons.csv.CSVPrinter,org.pitest.mutationtest.engine.gregor.mutators.NegateConditionalsMutator,printComment,113,NO_COVERAGE,none
CSVPrinter.java,org.apache.commons.csv.CSVPrinter,org.pitest.mutationtest.engine.gregor.mutators.VoidMethodCallMutator,printComment,105,NO_COVERAGE,none
CSVPrinter.java,org.apache.commons.csv.CSVPrinter,org.pitest.mutationtest.engine.gregor.mutators.VoidMethodCallMutator,printComment,118,KILLED,org.apache.commons.csv.CSVPrinterTest.testMultiLineComment(org.apache.commons.csv.CSVPrinterTest)
CSVPrinter.java,org.apache.commons.csv.CSVPrinter,org.pitest.mutationtest.engine.gregor.mutators.VoidMethodCallMutator,printComment,127,KILLED,org.apache.commons.csv.CSVPrinterTest.testMultiLineComment(org.apache.commons.csv.CSVPrinterTest)
CSVPrinter.java,org.apache.commons.csv.CSVPrinter,org.pitest.mutationtest.engine.gregor.mutators.NegateConditionalsMutator,printSep,143,KILLED,org.apache.commons.csv.CSVPrinterTest.testPrintNullValues(org.apache.commons.csv.CSVPrinterTest)
CSVPrinter.java,org.apache.commons.csv.CSVPrinter,org.pitest.mutationtest.engine.gregor.mutators.VoidMethodCallMutator,println,84,KILLED,org.apache.commons.csv.CSVPrinterTest.testPrintNullValues(org.apache.commons.csv.CSVPrinterTest)
CSVPrinter.java,org.apache.commons.csv.CSVPrinter,org.pitest.mutationtest.engine.gregor.mutators.VoidMethodCallMutator,println,86,KILLED,org.apache.commons.csv.CSVPrinterTest.testPrintNullValues(org.apache.commons.csv.CSVPrinterTest)
CSVFormat.java,org.apache.commons.csv.CSVFormat,org.pitest.mutationtest.engine.gregor.mutators.VoidMethodCallMutator,format,409,KILLED,org.apache.commons.csv.CSVFormatTest.testFormat(org.apache.commons.csv.CSVFormatTest)
CSVFormat.java,org.apache.commons.csv.CSVFormat,org.pitest.mutationtest.engine.gregor.mutators.returns.EmptyObjectReturnValsMutator,format,414,KILLED,org.apache.commons.csv.CSVFormatTest.testFormat(org.apache.commons.csv.CSVFormatTest)
CSVFormat.java,org.apache.commons.csv.CSVFormat,org.pitest.mutationtest.engine.gregor.mutators.returns.PrimitiveReturnsMutator,getCommentStart,255,KILLED,org.apache.commons.csv.CSVFormatTest.testMutators(org.apache.commons.csv.CSVFormatTest)
CSVFormat.java,org.apache.commons.csv.CSVFormat,org.pitest.mutationtest.engine.gregor.mutators.returns.PrimitiveReturnsMutator,getDelimiter,203,KILLED,org.apache.commons.csv.CSVFormatTest.testMutators(org.apache.commons.csv.CSVFormatTest)
CSVFormat.java,org.apache.commons.csv.CSVFormat,org.pitest.mutationtest.engine.gregor.mutators.returns.PrimitiveReturnsMutator,getEncapsulator,227,KILLED,org.apache.commons.csv.CSVFormatTest.testMutators(org.apache.commons.csv.CSVFormatTest)
CSVFormat.java,org.apache.commons.csv.CSVFormat,org.pitest.mutationtest.engine.gregor.mutators.returns.PrimitiveReturnsMutator,getEscape,288,KILLED,org.apache.commons.csv.CSVFormatTest.testMutators(org.apache.commons.csv.CSVFormatTest)
CSVFormat.java,org.apache.commons.csv.CSVFormat,org.pitest.mutationtest.engine.gregor.mutators.returns.NullReturnValsMutator,getHeader,371,KILLED,org.apache.commons.csv.CSVParserTest.testEmptyFile(org.apache.commons.csv.CSVParserTest)
CSVFormat.java,org.apache.commons.csv.CSVFormat,org.pitest.mutationtest.engine.gregor.mutators.returns.EmptyObjectReturnValsMutator,getLineSeparator,356,KILLED,org.apache.commons.csv.CSVFormatTest.testMutators(org.apache.commons.csv.CSVFormatTest)
CSVFormat.java,org.apache.commons.csv.CSVFormat,org.pitest.mutationtest.engine.gregor.mutators.NegateConditionalsMutator,isCommentingEnabled,279,KILLED,org.apache.commons.csv.CSVPrinterTest.testDisabledComment(org.apache.commons.csv.CSVPrinterTest)
CSVFormat.java,org.apache.commons.csv.CSVFormat,org.pitest.mutationtest.engine.gregor.mutators.returns.BooleanTrueReturnValsMutator,isCommentingEnabled,279,KILLED,org.apache.commons.csv.CSVPrinterTest.testDisabledComment(org.apache.commons.csv.CSVPrinterTest)
CSVFormat.java,org.apache.commons.csv.CSVFormat,org.pitest.mutationtest.engine.gregor.mutators.returns.BooleanFalseReturnValsMutator,isEmptyLinesIgnored,336,KILLED,org.apache.commons.csv.CSVFormatTest.testImmutalibity(org.apache.commons.csv.CSVFormatTest)
CSVFormat.java,org.apache.commons.csv.CSVFormat,org.pitest.mutationtest.engine.gregor.mutators.returns.BooleanTrueReturnValsMutator,isEmptyLinesIgnored,336,KILLED,org.apache.commons.csv.CSVFormatTest.testMutators(org.apache.commons.csv.CSVFormatTest)
CSVFormat.java,org.apache.commons.csv.CSVFormat,org.pitest.mutationtest.engine.gregor.mutators.NegateConditionalsMutator,isEncapsulating,246,KILLED,org.apache.commons.csv.CSVFormatTest.testFormat(org.apache.commons.csv.CSVFormatTest)
CSVFormat.java,org.apache.commons.csv.CSVFormat,org.pitest.mutationtest.engine.gregor.mutators.returns.BooleanTrueReturnValsMutator,isEncapsulating,246,KILLED,org.apache.commons.csv.CSVFormatTest.testFormat(org.apache.commons.csv.CSVFormatTest)
CSVFormat.java,org.apache.commons.csv.CSVFormat,org.pitest.mutationtest.engine.gregor.mutators.NegateConditionalsMutator,isEscaping,307,KILLED,org.apache.commons.csv.CSVParserTest.testEmptyFile(org.apache.commons.csv.CSVParserTest)
CSVFormat.java,org.apache.commons.csv.CSVFormat,org.pitest.mutationtest.engine.gregor.mutators.returns.BooleanTrueReturnValsMutator,isEscaping,307,KILLED,org.apache.commons.csv.CSVParserTest.testEmptyFile(org.apache.commons.csv.CSVParserTest)
CSVFormat.java,org.apache.commons.csv.CSVFormat,org.pitest.mutationtest.engine.gregor.mutators.NegateConditionalsMutator,isLineBreak,169,KILLED,org.apache.commons.csv.CSVFormatTest.testMutators(org.apache.commons.csv.CSVFormatTest)
CSVFormat.java,org.apache.commons.csv.CSVFormat,org.pitest.mutationtest.engine.gregor.mutators.NegateConditionalsMutator,isLineBreak,169,KILLED,org.apache.commons.csv.CSVFormatTest.testMutators(org.apache.commons.csv.CSVFormatTest)
CSVFormat.java,org.apache.commons.csv.CSVFormat,org.pitest.mutationtest.engine.gregor.mutators.returns.BooleanTrueReturnValsMutator,isLineBreak,169,KILLED,org.apache.commons.csv.CSVFormatTest.testMutators(org.apache.commons.csv.CSVFormatTest)
CSVFormat.java,org.apache.commons.csv.CSVFormat,org.pitest.mutationtest.engine.gregor.mutators.returns.BooleanFalseReturnValsMutator,isSurroundingSpacesIgnored,316,KILLED,org.apache.commons.csv.CSVFormatTest.testImmutalibity(org.apache.commons.csv.CSVFormatTest)
CSVFormat.java,org.apache.commons.csv.CSVFormat,org.pitest.mutationtest.engine.gregor.mutators.returns.BooleanTrueReturnValsMutator,isSurroundingSpacesIgnored,316,KILLED,org.apache.commons.csv.CSVFormatTest.testMutators(org.apache.commons.csv.CSVFormatTest)
CSVFormat.java,org.apache.commons.csv.CSVFormat,org.pitest.mutationtest.engine.gregor.mutators.returns.EmptyObjectReturnValsMutator,parse,398,KILLED,org.apache.commons.csv.CSVParserTest.testIterator(org.apache.commons.csv.CSVParserTest)
CSVFormat.java,org.apache.commons.csv.CSVFormat,org.pitest.mutationtest.engine.gregor.mutators.NegateConditionalsMutator,toString,421,NO_COVERAGE,none
CSVFormat.java,org.apache.commons.csv.CSVFormat,org.pitest.mutationtest.engine.gregor.mutators.NegateConditionalsMutator,toString,425,NO_COVERAGE,none
CSVFormat.java,org.apache.commons.csv.CSVFormat,org.pitest.mutationtest.engine.gregor.mutators.NegateConditionalsMutator,toString,429,NO_COVERAGE,none
CSVFormat.java,org.apache.commons.csv.CSVFormat,org.pitest.mutationtest.engine.gregor.mutators.NegateConditionalsMutator,toString,433,NO_COVERAGE,none
CSVFormat.java,org.apache.commons.csv.CSVFormat,org.pitest.mutationtest.engine.gregor.mutators.NegateConditionalsMutator,toString,436,NO_COVERAGE,none
CSVFormat.java,org.apache.commons.csv.CSVFormat,org.pitest.mutationtest.engine.gregor.mutators.returns.EmptyObjectReturnValsMutator,toString,439,NO_COVERAGE,none
CSVFormat.java,org.apache.commons.csv.CSVFormat,org.pitest.mutationtest.engine.gregor.mutators.NegateConditionalsMutator,validate,176,KILLED,org.apache.commons.csv.CSVFormatTest.testValidation(org.apache.commons.csv.CSVFormatTest)
CSVFormat.java,org.apache.commons.csv.CSVFormat,org.pitest.mutationtest.engine.gregor.mutators.NegateConditionalsMutator,validate,180,KILLED,org.apache.commons.csv.CSVFormatTest.testValidation(org.apache.commons.csv.CSVFormatTest)
CSVFormat.java,org.apache.commons.csv.CSVFormat,org.pitest.mutationtest.engine.gregor.mutators.NegateConditionalsMutator,validate,184,KILLED,org.apache.commons.csv.CSVFormatTest.testValidation(org.apache.commons.csv.CSVFormatTest)
CSVFormat.java,org.apache.commons.csv.CSVFormat,org.pitest.mutationtest.engine.gregor.mutators.NegateConditionalsMutator,validate,188,KILLED,org.apache.commons.csv.CSVFormatTest.testValidation(org.apache.commons.csv.CSVFormatTest)
CSVFormat.java,org.apache.commons.csv.CSVFormat,org.pitest.mutationtest.engine.gregor.mutators.NegateConditionalsMutator,validate,188,KILLED,org.apache.commons.csv.CSVFormatTest.testValidation(org.apache.commons.csv.CSVFormatTest)
CSVFormat.java,org.apache.commons.csv.CSVFormat,org.pitest.mutationtest.engine.gregor.mutators.NegateConditionalsMutator,validate,192,KILLED,org.apache.commons.csv.CSVFormatTest.testValidation(org.apache.commons.csv.CSVFormatTest)
CSVFormat.java,org.apache.commons.csv.CSVFormat,org.pitest.mutationtest.engine.gregor.mutators.NegateConditionalsMutator,validate,192,KILLED,org.apache.commons.csv.CSVFormatTest.testValidation(org.apache.commons.csv.CSVFormatTest)
CSVFormat.java,org.apache.commons.csv.CSVFormat,org.pitest.mutationtest.engine.gregor.mutators.NegateConditionalsMutator,withCommentStart,266,KILLED,org.apache.commons.csv.CSVFormatTest.testMutators(org.apache.commons.csv.CSVFormatTest)
CSVFormat.java,org.apache.commons.csv.CSVFormat,org.pitest.mutationtest.engine.gregor.mutators.returns.NullReturnValsMutator,withCommentStart,270,KILLED,org.apache.commons.csv.CSVFormatTest.testMutators(org.apache.commons.csv.CSVFormatTest)
CSVFormat.java,org.apache.commons.csv.CSVFormat,org.pitest.mutationtest.engine.gregor.mutators.NegateConditionalsMutator,withDelimiter,214,KILLED,org.apache.commons.csv.CSVFormatTest.testMutators(org.apache.commons.csv.CSVFormatTest)
CSVFormat.java,org.apache.commons.csv.CSVFormat,org.pitest.mutationtest.engine.gregor.mutators.returns.NullReturnValsMutator,withDelimiter,218,KILLED,org.apache.commons.csv.CSVFormatTest.testMutators(org.apache.commons.csv.CSVFormatTest)
CSVFormat.java,org.apache.commons.csv.CSVFormat,org.pitest.mutationtest.engine.gregor.mutators.returns.NullReturnValsMutator,withEmptyLinesIgnored,347,KILLED,org.apache.commons.csv.CSVFormatTest.testMutators(org.apache.commons.csv.CSVFormatTest)
CSVFormat.java,org.apache.commons.csv.CSVFormat,org.pitest.mutationtest.engine.gregor.mutators.NegateConditionalsMutator,withEncapsulator,238,KILLED,org.apache.commons.csv.CSVFormatTest.testMutators(org.apache.commons.csv.CSVFormatTest)
CSVFormat.java,org.apache.commons.csv.CSVFormat,org.pitest.mutationtest.engine.gregor.mutators.returns.NullReturnValsMutator,withEncapsulator,242,KILLED,org.apache.commons.csv.CSVFormatTest.testMutators(org.apache.commons.csv.CSVFormatTest)
CSVFormat.java,org.apache.commons.csv.CSVFormat,org.pitest.mutationtest.engine.gregor.mutators.NegateConditionalsMutator,withEscape,299,KILLED,org.apache.commons.csv.CSVFormatTest.testMutators(org.apache.commons.csv.CSVFormatTest)
CSVFormat.java,org.apache.commons.csv.CSVFormat,org.pitest.mutationtest.engine.gregor.mutators.returns.NullReturnValsMutator,withEscape,303,KILLED,org.apache.commons.csv.CSVFormatTest.testMutators(org.apache.commons.csv.CSVFormatTest)
CSVFormat.java,org.apache.commons.csv.CSVFormat,org.pitest.mutationtest.engine.gregor.mutators.returns.NullReturnValsMutator,withHeader,389,KILLED,org.apache.commons.csv.CSVParserTest.testProvidedHeader(org.apache.commons.csv.CSVParserTest)
CSVFormat.java,org.apache.commons.csv.CSVFormat,org.pitest.mutationtest.engine.gregor.mutators.returns.NullReturnValsMutator,withLineSeparator,367,KILLED,org.apache.commons.csv.CSVFormatTest.testMutators(org.apache.commons.csv.CSVFormatTest)
CSVFormat.java,org.apache.commons.csv.CSVFormat,org.pitest.mutationtest.engine.gregor.mutators.returns.NullReturnValsMutator,withSurroundingSpacesIgnored,327,KILLED,org.apache.commons.csv.CSVFormatTest.testMutators(org.apache.commons.csv.CSVFormatTest)
CSVLexer.java,org.apache.commons.csv.CSVLexer,org.pitest.mutationtest.engine.gregor.mutators.NegateConditionalsMutator,encapsulatedTokenLexer,189,TIMED_OUT,none
CSVLexer.java,org.apache.commons.csv.CSVLexer,org.pitest.mutationtest.engine.gregor.mutators.NegateConditionalsMutator,encapsulatedTokenLexer,191,KILLED,org.apache.commons.csv.CSVLexerTest.testNextToken5(org.apache.commons.csv.CSVLexerTest)
CSVLexer.java,org.apache.commons.csv.CSVLexer,org.pitest.mutationtest.engine.gregor.mutators.NegateConditionalsMutator,encapsulatedTokenLexer,192,KILLED,org.apache.commons.csv.CSVLexerTest.testNextToken5(org.apache.commons.csv.CSVLexerTest)
CSVLexer.java,org.apache.commons.csv.CSVLexer,org.pitest.mutationtest.engine.gregor.mutators.NegateConditionalsMutator,encapsulatedTokenLexer,200,KILLED,org.apache.commons.csv.CSVLexerTest.testNextToken5(org.apache.commons.csv.CSVLexerTest)
CSVLexer.java,org.apache.commons.csv.CSVLexer,org.pitest.mutationtest.engine.gregor.mutators.NegateConditionalsMutator,encapsulatedTokenLexer,203,KILLED,org.apache.commons.csv.CSVLexerTest.testNextToken5(org.apache.commons.csv.CSVLexerTest)
CSVLexer.java,org.apache.commons.csv.CSVLexer,org.pitest.mutationtest.engine.gregor.mutators.NegateConditionalsMutator,encapsulatedTokenLexer,207,KILLED,org.apache.commons.csv.CSVLexerTest.testNextToken5(org.apache.commons.csv.CSVLexerTest)
CSVLexer.java,org.apache.commons.csv.CSVLexer,org.pitest.mutationtest.engine.gregor.mutators.NegateConditionalsMutator,encapsulatedTokenLexer,211,KILLED,org.apache.commons.csv.CSVLexerTest.testNextToken4(org.apache.commons.csv.CSVLexerTest)
CSVLexer.java,org.apache.commons.csv.CSVLexer,org.pitest.mutationtest.engine.gregor.mutators.NegateConditionalsMutator,encapsulatedTokenLexer,217,KILLED,org.apache.commons.csv.CSVLexerTest.testNextToken5(org.apache.commons.csv.CSVLexerTest)
CSVLexer.java,org.apache.commons.csv.CSVLexer,org.pitest.mutationtest.engine.gregor.mutators.returns.NullReturnValsMutator,encapsulatedTokenLexer,202,SURVIVED,none
CSVLexer.java,org.apache.commons.csv.CSVLexer,org.pitest.mutationtest.engine.gregor.mutators.returns.NullReturnValsMutator,encapsulatedTokenLexer,206,SURVIVED,none
CSVLexer.java,org.apache.commons.csv.CSVLexer,org.pitest.mutationtest.engine.gregor.mutators.returns.NullReturnValsMutator,encapsulatedTokenLexer,210,SURVIVED,none
CSVLexer.java,org.apache.commons.csv.CSVLexer,org.pitest.mutationtest.engine.gregor.mutators.NegateConditionalsMutator,nextToken,56,KILLED,org.apache.commons.csv.CSVLexerTest.testNextToken2(org.apache.commons.csv.CSVLexerTest)
CSVLexer.java,org.apache.commons.csv.CSVLexer,org.pitest.mutationtest.engine.gregor.mutators.NegateConditionalsMutator,nextToken,57,KILLED,org.apache.commons.csv.CSVLexerTest.testNextToken3(org.apache.commons.csv.CSVLexerTest)
CSVLexer.java,org.apache.commons.csv.CSVLexer,org.pitest.mutationtest.engine.gregor.mutators.NegateConditionalsMutator,nextToken,57,KILLED,org.apache.commons.csv.CSVLexerTest.testNextToken2(org.apache.commons.csv.CSVLexerTest)
CSVLexer.java,org.apache.commons.csv.CSVLexer,org.pitest.mutationtest.engine.gregor.mutators.NegateConditionalsMutator,nextToken,57,KILLED,org.apache.commons.csv.CSVLexerTest.testNextToken2(org.apache.commons.csv.CSVLexerTest)
CSVLexer.java,org.apache.commons.csv.CSVLexer,org.pitest.mutationtest.engine.gregor.mutators.NegateConditionalsMutator,nextToken,57,KILLED,org.apache.commons.csv.CSVLexerTest.testNextToken2(org.apache.commons.csv.CSVLexerTest)
CSVLexer.java,org.apache.commons.csv.CSVLexer,org.pitest.mutationtest.engine.gregor.mutators.NegateConditionalsMutator,nextToken,59,KILLED,org.apache.commons.csv.CSVLexerTest.testNextToken2(org.apache.commons.csv.CSVLexerTest)
CSVLexer.java,org.apache.commons.csv.CSVLexer,org.pitest.mutationtest.engine.gregor.mutators.NegateConditionalsMutator,nextToken,66,KILLED,org.apache.commons.csv.CSVParserTest.testIgnoreEmptyLines(org.apache.commons.csv.CSVParserTest)
CSVLexer.java,org.apache.commons.csv.CSVLexer,org.pitest.mutationtest.engine.gregor.mutators.NegateConditionalsMutator,nextToken,75,KILLED,org.apache.commons.csv.CSVLexerTest.testNextToken3(org.apache.commons.csv.CSVLexerTest)
CSVLexer.java,org.apache.commons.csv.CSVLexer,org.pitest.mutationtest.engine.gregor.mutators.NegateConditionalsMutator,nextToken,75,KILLED,org.apache.commons.csv.CSVParserTest.testEmptyFile(org.apache.commons.csv.CSVParserTest)
CSVLexer.java,org.apache.commons.csv.CSVLexer,org.pitest.mutationtest.engine.gregor.mutators.NegateConditionalsMutator,nextToken,75,KILLED,org.apache.commons.csv.CSVLexerTest.testNextToken3(org.apache.commons.csv.CSVLexerTest)
CSVLexer.java,org.apache.commons.csv.CSVLexer,org.pitest.mutationtest.engine.gregor.mutators.NegateConditionalsMutator,nextToken,82,KILLED,org.apache.commons.csv.CSVLexerTest.testNextToken3(org.apache.commons.csv.CSVLexerTest)
CSVLexer.java,org.apache.commons.csv.CSVLexer,org.pitest.mutationtest.engine.gregor.mutators.NegateConditionalsMutator,nextToken,84,KILLED,org.apache.commons.csv.CSVLexerTest.testDelimiterIsWhitespace(org.apache.commons.csv.CSVLexerTest)
CSVLexer.java,org.apache.commons.csv.CSVLexer,org.pitest.mutationtest.engine.gregor.mutators.NegateConditionalsMutator,nextToken,85,KILLED,org.apache.commons.csv.CSVLexerTest.testDelimiterIsWhitespace(org.apache.commons.csv.CSVLexerTest)
CSVLexer.java,org.apache.commons.csv.CSVLexer,org.pitest.mutationtest.engine.gregor.mutators.NegateConditionalsMutator,nextToken,85,KILLED,org.apache.commons.csv.CSVLexerTest.testDelimiterIsWhitespace(org.apache.commons.csv.CSVLexerTest)
CSVLexer.java,org.apache.commons.csv.CSVLexer,org.pitest.mutationtest.engine.gregor.mutators.NegateConditionalsMutator,nextToken,92,KILLED,org.apache.commons.csv.CSVLexerTest.testNextToken3(org.apache.commons.csv.CSVLexerTest)
CSVLexer.java,org.apache.commons.csv.CSVLexer,org.pitest.mutationtest.engine.gregor.mutators.NegateConditionalsMutator,nextToken,96,KILLED,org.apache.commons.csv.CSVLexerTest.testNextToken3(org.apache.commons.csv.CSVLexerTest)
CSVLexer.java,org.apache.commons.csv.CSVLexer,org.pitest.mutationtest.engine.gregor.mutators.NegateConditionalsMutator,nextToken,99,KILLED,org.apache.commons.csv.CSVLexerTest.testNextToken3(org.apache.commons.csv.CSVLexerTest)
CSVLexer.java,org.apache.commons.csv.CSVLexer,org.pitest.mutationtest.engine.gregor.mutators.NegateConditionalsMutator,nextToken,103,KILLED,org.apache.commons.csv.CSVLexerTest.testNextToken3(org.apache.commons.csv.CSVLexerTest)
CSVLexer.java,org.apache.commons.csv.CSVLexer,org.pitest.mutationtest.engine.gregor.mutators.NegateConditionalsMutator,nextToken,106,KILLED,org.apache.commons.csv.CSVLexerTest.testNextToken3(org.apache.commons.csv.CSVLexerTest)
CSVLexer.java,org.apache.commons.csv.CSVLexer,org.pitest.mutationtest.engine.gregor.mutators.returns.NullReturnValsMutator,nextToken,69,KILLED,org.apache.commons.csv.CSVLexerTest.testNextToken2(org.apache.commons.csv.CSVLexerTest)
CSVLexer.java,org.apache.commons.csv.CSVLexer,org.pitest.mutationtest.engine.gregor.mutators.returns.NullReturnValsMutator,nextToken,78,KILLED,org.apache.commons.csv.CSVLexerTest.testNextToken2(org.apache.commons.csv.CSVLexerTest)
CSVLexer.java,org.apache.commons.csv.CSVLexer,org.pitest.mutationtest.engine.gregor.mutators.returns.NullReturnValsMutator,nextToken,117,KILLED,org.apache.commons.csv.CSVLexerTest.testNextToken3(org.apache.commons.csv.CSVLexerTest)
CSVLexer.java,org.apache.commons.csv.CSVLexer,org.pitest.mutationtest.engine.gregor.mutators.NegateConditionalsMutator,simpleTokenLexer,139,KILLED,org.apache.commons.csv.CSVLexerTest.testNextToken3(org.apache.commons.csv.CSVLexerTest)
CSVLexer.java,org.apache.commons.csv.CSVLexer,org.pitest.mutationtest.engine.gregor.mutators.NegateConditionalsMutator,simpleTokenLexer,143,KILLED,org.apache.commons.csv.CSVLexerTest.testNextToken3(org.apache.commons.csv.CSVLexerTest)
CSVLexer.java,org.apache.commons.csv.CSVLexer,org.pitest.mutationtest.engine.gregor.mutators.NegateConditionalsMutator,simpleTokenLexer,148,KILLED,org.apache.commons.csv.CSVLexerTest.testNextToken3(org.apache.commons.csv.CSVLexerTest)
CSVLexer.java,org.apache.commons.csv.CSVLexer,org.pitest.mutationtest.engine.gregor.mutators.NegateConditionalsMutator,simpleTokenLexer,152,KILLED,org.apache.commons.csv.CSVLexerTest.testNextToken3(org.apache.commons.csv.CSVLexerTest)
CSVLexer.java,org.apache.commons.csv.CSVLexer,org.pitest.mutationtest.engine.gregor.mutators.NegateConditionalsMutator,simpleTokenLexer,161,KILLED,org.apache.commons.csv.CSVLexerTest.testDelimiterIsWhitespace(org.apache.commons.csv.CSVLexerTest)
CSVLexer.java,org.apache.commons.csv.CSVLexer,org.pitest.mutationtest.engine.gregor.mutators.VoidMethodCallMutator,simpleTokenLexer,162,KILLED,org.apache.commons.csv.CSVLexerTest.testDelimiterIsWhitespace(org.apache.commons.csv.CSVLexerTest)
CSVLexer.java,org.apache.commons.csv.CSVLexer,org.pitest.mutationtest.engine.gregor.mutators.returns.NullReturnValsMutator,simpleTokenLexer,165,SURVIVED,none
Lexer.java,org.apache.commons.csv.Lexer,org.pitest.mutationtest.engine.gregor.mutators.returns.PrimitiveReturnsMutator,getLineNumber,60,KILLED,org.apache.commons.csv.CSVParserTest.testGetLineNumberWithLF(org.apache.commons.csv.CSVParserTest)
Lexer.java,org.apache.commons.csv.Lexer,org.pitest.mutationtest.engine.gregor.mutators.NegateConditionalsMutator,isCommentStart,136,KILLED,org.apache.commons.csv.CSVLexerTest.testNextToken2(org.apache.commons.csv.CSVLexerTest)
Lexer.java,org.apache.commons.csv.Lexer,org.pitest.mutationtest.engine.gregor.mutators.NegateConditionalsMutator,isCommentStart,136,KILLED,org.apache.commons.csv.CSVLexerTest.testNextToken3(org.apache.commons.csv.CSVLexerTest)
Lexer.java,org.apache.commons.csv.Lexer,org.pitest.mutationtest.engine.gregor.mutators.returns.BooleanTrueReturnValsMutator,isCommentStart,136,KILLED,org.apache.commons.csv.CSVLexerTest.testNextToken3(org.apache.commons.csv.CSVLexerTest)
Lexer.java,org.apache.commons.csv.Lexer,org.pitest.mutationtest.engine.gregor.mutators.NegateConditionalsMutator,isDelimiter,124,KILLED,org.apache.commons.csv.CSVParserTest.testEmptyFile(org.apache.commons.csv.CSVParserTest)
Lexer.java,org.apache.commons.csv.Lexer,org.pitest.mutationtest.engine.gregor.mutators.returns.BooleanTrueReturnValsMutator,isDelimiter,124,KILLED,org.apache.commons.csv.CSVParserTest.testEmptyFile(org.apache.commons.csv.CSVParserTest)
Lexer.java,org.apache.commons.csv.Lexer,org.pitest.mutationtest.engine.gregor.mutators.NegateConditionalsMutator,isEncapsulator,132,KILLED,org.apache.commons.csv.CSVLexerTest.testNextToken5(org.apache.commons.csv.CSVLexerTest)
Lexer.java,org.apache.commons.csv.Lexer,org.pitest.mutationtest.engine.gregor.mutators.NegateConditionalsMutator,isEncapsulator,132,TIMED_OUT,none
Lexer.java,org.apache.commons.csv.Lexer,org.pitest.mutationtest.engine.gregor.mutators.returns.BooleanTrueReturnValsMutator,isEncapsulator,132,TIMED_OUT,none
Lexer.java,org.apache.commons.csv.Lexer,org.pitest.mutationtest.engine.gregor.mutators.NegateConditionalsMutator,isEndOfFile,118,KILLED,org.apache.commons.csv.CSVLexerTest.testNextToken3(org.apache.commons.csv.CSVLexerTest)
Lexer.java,org.apache.commons.csv.Lexer,org.pitest.mutationtest.engine.gregor.mutators.returns.BooleanTrueReturnValsMutator,isEndOfFile,118,KILLED,org.apache.commons.csv.CSVLexerTest.testNextToken3(org.apache.commons.csv.CSVLexerTest)
Lexer.java,org.apache.commons.csv.Lexer,org.pitest.mutationtest.engine.gregor.mutators.NegateConditionalsMutator,isEndOfLine,107,KILLED,org.apache.commons.csv.CSVLexerTest.testNextToken3(org.apache.commons.csv.CSVLexerTest)
Lexer.java,org.apache.commons.csv.Lexer,org.pitest.mutationtest.engine.gregor.mutators.NegateConditionalsMutator,isEndOfLine,107,KILLED,org.apache.commons.csv.CSVParserTest.testGetLineNumberWithCR(org.apache.commons.csv.CSVParserTest)
Lexer.java,org.apache.commons.csv.Lexer,org.pitest.mutationtest.engine.gregor.mutators.NegateConditionalsMutator,isEndOfLine,111,KILLED,org.apache.commons.csv.CSVLexerTest.testNextToken3(org.apache.commons.csv.CSVLexerTest)
Lexer.java,org.apache.commons.csv.Lexer,org.pitest.mutationtest.engine.gregor.mutators.NegateConditionalsMutator,isEndOfLine,111,KILLED,org.apache.commons.csv.CSVLexerTest.testNextToken3(org.apache.commons.csv.CSVLexerTest)
Lexer.java,org.apache.commons.csv.Lexer,org.pitest.mutationtest.engine.gregor.mutators.returns.BooleanTrueReturnValsMutator,isEndOfLine,111,KILLED,org.apache.commons.csv.CSVLexerTest.testNextToken3(org.apache.commons.csv.CSVLexerTest)
Lexer.java,org.apache.commons.csv.Lexer,org.pitest.mutationtest.engine.gregor.mutators.NegateConditionalsMutator,isEscape,128,KILLED,org.apache.commons.csv.CSVParserTest.testBackslashEscaping2(org.apache.commons.csv.CSVParserTest)
Lexer.java,org.apache.commons.csv.Lexer,org.pitest.mutationtest.engine.gregor.mutators.NegateConditionalsMutator,isEscape,128,KILLED,org.apache.commons.csv.CSVParserTest.testBackslashEscaping2(org.apache.commons.csv.CSVParserTest)
Lexer.java,org.apache.commons.csv.Lexer,org.pitest.mutationtest.engine.gregor.mutators.returns.BooleanTrueReturnValsMutator,isEscape,128,KILLED,org.apache.commons.csv.CSVLexerTest.testNextToken3(org.apache.commons.csv.CSVLexerTest)
Lexer.java,org.apache.commons.csv.Lexer,org.pitest.mutationtest.engine.gregor.mutators.NegateConditionalsMutator,isWhitespace,96,KILLED,org.apache.commons.csv.CSVLexerTest.testDelimiterIsWhitespace(org.apache.commons.csv.CSVLexerTest)
Lexer.java,org.apache.commons.csv.Lexer,org.pitest.mutationtest.engine.gregor.mutators.NegateConditionalsMutator,isWhitespace,96,KILLED,org.apache.commons.csv.CSVLexerTest.testDelimiterIsWhitespace(org.apache.commons.csv.CSVLexerTest)
Lexer.java,org.apache.commons.csv.Lexer,org.pitest.mutationtest.engine.gregor.mutators.returns.BooleanTrueReturnValsMutator,isWhitespace,96,TIMED_OUT,none
Lexer.java,org.apache.commons.csv.Lexer,org.pitest.mutationtest.engine.gregor.mutators.returns.PrimitiveReturnsMutator,readEscape,68,KILLED,org.apache.commons.csv.CSVPrinterTest.testRandom(org.apache.commons.csv.CSVPrinterTest)
Lexer.java,org.apache.commons.csv.Lexer,org.pitest.mutationtest.engine.gregor.mutators.returns.PrimitiveReturnsMutator,readEscape,70,KILLED,org.apache.commons.csv.CSVPrinterTest.testRandom(org.apache.commons.csv.CSVPrinterTest)
Lexer.java,org.apache.commons.csv.Lexer,org.pitest.mutationtest.engine.gregor.mutators.returns.PrimitiveReturnsMutator,readEscape,72,NO_COVERAGE,none
Lexer.java,org.apache.commons.csv.Lexer,org.pitest.mutationtest.engine.gregor.mutators.returns.PrimitiveReturnsMutator,readEscape,74,NO_COVERAGE,none
Lexer.java,org.apache.commons.csv.Lexer,org.pitest.mutationtest.engine.gregor.mutators.returns.PrimitiveReturnsMutator,readEscape,76,NO_COVERAGE,none
Lexer.java,org.apache.commons.csv.Lexer,org.pitest.mutationtest.engine.gregor.mutators.returns.PrimitiveReturnsMutator,readEscape,78,KILLED,org.apache.commons.csv.CSVParserTest.testBackslashEscaping2(org.apache.commons.csv.CSVParserTest)
Lexer.java,org.apache.commons.csv.Lexer,org.pitest.mutationtest.engine.gregor.mutators.ConditionalsBoundaryMutator,trimTrailingSpaces,84,SURVIVED,none
Lexer.java,org.apache.commons.csv.Lexer,org.pitest.mutationtest.engine.gregor.mutators.MathMutator,trimTrailingSpaces,84,KILLED,org.apache.commons.csv.CSVLexerTest.testDelimiterIsWhitespace(org.apache.commons.csv.CSVLexerTest)
Lexer.java,org.apache.commons.csv.Lexer,org.pitest.mutationtest.engine.gregor.mutators.MathMutator,trimTrailingSpaces,85,KILLED,org.apache.commons.csv.CSVLexerTest.testDelimiterIsWhitespace(org.apache.commons.csv.CSVLexerTest)
Lexer.java,org.apache.commons.csv.Lexer,org.pitest.mutationtest.engine.gregor.mutators.NegateConditionalsMutator,trimTrailingSpaces,84,KILLED,org.apache.commons.csv.CSVLexerTest.testDelimiterIsWhitespace(org.apache.commons.csv.CSVLexerTest)
Lexer.java,org.apache.commons.csv.Lexer,org.pitest.mutationtest.engine.gregor.mutators.NegateConditionalsMutator,trimTrailingSpaces,84,KILLED,org.apache.commons.csv.CSVLexerTest.testDelimiterIsWhitespace(org.apache.commons.csv.CSVLexerTest)
Lexer.java,org.apache.commons.csv.Lexer,org.pitest.mutationtest.engine.gregor.mutators.NegateConditionalsMutator,trimTrailingSpaces,87,KILLED,org.apache.commons.csv.CSVLexerTest.testDelimiterIsWhitespace(org.apache.commons.csv.CSVLexerTest)
Lexer.java,org.apache.commons.csv.Lexer,org.pitest.mutationtest.engine.gregor.mutators.VoidMethodCallMutator,trimTrailingSpaces,88,KILLED,org.apache.commons.csv.CSVLexerTest.testDelimiterIsWhitespace(org.apache.commons.csv.CSVLexerTest)
ExtendedBufferedReader.java,org.apache.commons.csv.ExtendedBufferedReader,org.pitest.mutationtest.engine.gregor.mutators.returns.PrimitiveReturnsMutator,getLineNumber,159,KILLED,org.apache.commons.csv.ExtendedBufferedReaderTest.testReadLine(org.apache.commons.csv.ExtendedBufferedReaderTest)
ExtendedBufferedReader.java,org.apache.commons.csv.ExtendedBufferedReader,org.pitest.mutationtest.engine.gregor.mutators.VoidMethodCallMutator,lookAhead,146,KILLED,org.apache.commons.csv.ExtendedBufferedReaderTest.testEmptyInput(org.apache.commons.csv.ExtendedBufferedReaderTest)
ExtendedBufferedReader.java,org.apache.commons.csv.ExtendedBufferedReader,org.pitest.mutationtest.engine.gregor.mutators.VoidMethodCallMutator,lookAhead,148,KILLED,org.apache.commons.csv.ExtendedBufferedReaderTest.testReadLookahead2(org.apache.commons.csv.ExtendedBufferedReaderTest)
ExtendedBufferedReader.java,org.apache.commons.csv.ExtendedBufferedReader,org.pitest.mutationtest.engine.gregor.mutators.returns.PrimitiveReturnsMutator,lookAhead,150,KILLED,org.apache.commons.csv.ExtendedBufferedReaderTest.testEmptyInput(org.apache.commons.csv.ExtendedBufferedReaderTest)
ExtendedBufferedReader.java,org.apache.commons.csv.ExtendedBufferedReader,org.pitest.mutationtest.engine.gregor.mutators.MathMutator,read,59,KILLED,org.apache.commons.csv.CSVParserTest.testGetLineNumberWithLF(org.apache.commons.csv.CSVParserTest)
ExtendedBufferedReader.java,org.apache.commons.csv.ExtendedBufferedReader,org.pitest.mutationtest.engine.gregor.mutators.NegateConditionalsMutator,read,58,KILLED,org.apache.commons.csv.ExtendedBufferedReaderTest.testReadLine(org.apache.commons.csv.ExtendedBufferedReaderTest)
ExtendedBufferedReader.java,org.apache.commons.csv.ExtendedBufferedReader,org.pitest.mutationtest.engine.gregor.mutators.NegateConditionalsMutator,read,58,KILLED,org.apache.commons.csv.ExtendedBufferedReaderTest.testReadLine(org.apache.commons.csv.ExtendedBufferedReaderTest)
ExtendedBufferedReader.java,org.apache.commons.csv.ExtendedBufferedReader,org.pitest.mutationtest.engine.gregor.mutators.NegateConditionalsMutator,read,58,KILLED,org.apache.commons.csv.CSVParserTest.testGetLineNumberWithLF(org.apache.commons.csv.CSVParserTest)
ExtendedBufferedReader.java,org.apache.commons.csv.ExtendedBufferedReader,org.pitest.mutationtest.engine.gregor.mutators.returns.PrimitiveReturnsMutator,read,62,KILLED,org.apache.commons.csv.ExtendedBufferedReaderTest.testEmptyInput(org.apache.commons.csv.ExtendedBufferedReaderTest)
ExtendedBufferedReader.java,org.apache.commons.csv.ExtendedBufferedReader,org.pitest.mutationtest.engine.gregor.mutators.ConditionalsBoundaryMutator,read,87,SURVIVED,none
ExtendedBufferedReader.java,org.apache.commons.csv.ExtendedBufferedReader,org.pitest.mutationtest.engine.gregor.mutators.ConditionalsBoundaryMutator,read,89,KILLED,org.apache.commons.csv.ExtendedBufferedReaderTest.testReadLookahead2(org.apache.commons.csv.ExtendedBufferedReaderTest)
ExtendedBufferedReader.java,org.apache.commons.csv.ExtendedBufferedReader,org.pitest.mutationtest.engine.gregor.mutators.ConditionalsBoundaryMutator,read,92,NO_COVERAGE,none
ExtendedBufferedReader.java,org.apache.commons.csv.ExtendedBufferedReader,org.pitest.mutationtest.engine.gregor.mutators.MathMutator,read,89,SURVIVED,none
ExtendedBufferedReader.java,org.apache.commons.csv.ExtendedBufferedReader,org.pitest.mutationtest.engine.gregor.mutators.MathMutator,read,92,NO_COVERAGE,none
ExtendedBufferedReader.java,org.apache.commons.csv.ExtendedBufferedReader,org.pitest.mutationtest.engine.gregor.mutators.MathMutator,read,93,NO_COVERAGE,none
ExtendedBufferedReader.java,org.apache.commons.csv.ExtendedBufferedReader,org.pitest.mutationtest.engine.gregor.mutators.MathMutator,read,96,NO_COVERAGE,none
ExtendedBufferedReader.java,org.apache.commons.csv.ExtendedBufferedReader,org.pitest.mutationtest.engine.gregor.mutators.MathMutator,read,100,KILLED,org.apache.commons.csv.ExtendedBufferedReaderTest.testReadLookahead2(org.apache.commons.csv.ExtendedBufferedReaderTest)
ExtendedBufferedReader.java,org.apache.commons.csv.ExtendedBufferedReader,org.pitest.mutationtest.engine.gregor.mutators.MathMutator,read,100,KILLED,org.apache.commons.csv.ExtendedBufferedReaderTest.testReadLookahead2(org.apache.commons.csv.ExtendedBufferedReaderTest)
ExtendedBufferedReader.java,org.apache.commons.csv.ExtendedBufferedReader,org.pitest.mutationtest.engine.gregor.mutators.NegateConditionalsMutator,read,81,KILLED,org.apache.commons.csv.ExtendedBufferedReaderTest.testReadLookahead2(org.apache.commons.csv.ExtendedBufferedReaderTest)
ExtendedBufferedReader.java,org.apache.commons.csv.ExtendedBufferedReader,org.pitest.mutationtest.engine.gregor.mutators.NegateConditionalsMutator,read,87,KILLED,org.apache.commons.csv.ExtendedBufferedReaderTest.testReadLookahead2(org.apache.commons.csv.ExtendedBufferedReaderTest)
ExtendedBufferedReader.java,org.apache.commons.csv.ExtendedBufferedReader,org.pitest.mutationtest.engine.gregor.mutators.NegateConditionalsMutator,read,89,SURVIVED,none
ExtendedBufferedReader.java,org.apache.commons.csv.ExtendedBufferedReader,org.pitest.mutationtest.engine.gregor.mutators.NegateConditionalsMutator,read,91,SURVIVED,none
ExtendedBufferedReader.java,org.apache.commons.csv.ExtendedBufferedReader,org.pitest.mutationtest.engine.gregor.mutators.NegateConditionalsMutator,read,92,NO_COVERAGE,none
ExtendedBufferedReader.java,org.apache.commons.csv.ExtendedBufferedReader,org.pitest.mutationtest.engine.gregor.mutators.NegateConditionalsMutator,read,92,NO_COVERAGE,none
ExtendedBufferedReader.java,org.apache.commons.csv.ExtendedBufferedReader,org.pitest.mutationtest.engine.gregor.mutators.NegateConditionalsMutator,read,95,SURVIVED,none
ExtendedBufferedReader.java,org.apache.commons.csv.ExtendedBufferedReader,org.pitest.mutationtest.engine.gregor.mutators.NegateConditionalsMutator,read,102,NO_COVERAGE,none
ExtendedBufferedReader.java,org.apache.commons.csv.ExtendedBufferedReader,org.pitest.mutationtest.engine.gregor.mutators.returns.PrimitiveReturnsMutator,read,106,KILLED,org.apache.commons.csv.ExtendedBufferedReaderTest.testReadLookahead2(org.apache.commons.csv.ExtendedBufferedReaderTest)
ExtendedBufferedReader.java,org.apache.commons.csv.ExtendedBufferedReader,org.pitest.mutationtest.engine.gregor.mutators.returns.PrimitiveReturnsMutator,readAgain,76,KILLED,org.apache.commons.csv.ExtendedBufferedReaderTest.testEmptyInput(org.apache.commons.csv.ExtendedBufferedReaderTest)
ExtendedBufferedReader.java,org.apache.commons.csv.ExtendedBufferedReader,org.pitest.mutationtest.engine.gregor.mutators.ConditionalsBoundaryMutator,readLine,126,KILLED,org.apache.commons.csv.ExtendedBufferedReaderTest.testReadLine(org.apache.commons.csv.ExtendedBufferedReaderTest)
ExtendedBufferedReader.java,org.apache.commons.csv.ExtendedBufferedReader,org.pitest.mutationtest.engine.gregor.mutators.MathMutator,readLine,127,KILLED,org.apache.commons.csv.ExtendedBufferedReaderTest.testReadLine(org.apache.commons.csv.ExtendedBufferedReaderTest)
ExtendedBufferedReader.java,org.apache.commons.csv.ExtendedBufferedReader,org.pitest.mutationtest.engine.gregor.mutators.MathMutator,readLine,129,KILLED,org.apache.commons.csv.ExtendedBufferedReaderTest.testReadLine(org.apache.commons.csv.ExtendedBufferedReaderTest)
ExtendedBufferedReader.java,org.apache.commons.csv.ExtendedBufferedReader,org.pitest.mutationtest.engine.gregor.mutators.NegateConditionalsMutator,readLine,125,KILLED,org.apache.commons.csv.ExtendedBufferedReaderTest.testEmptyInput(org.apache.commons.csv.ExtendedBufferedReaderTest)
ExtendedBufferedReader.java,org.apache.commons.csv.ExtendedBufferedReader,org.pitest.mutationtest.engine.gregor.mutators.NegateConditionalsMutator,readLine,126,KILLED,org.apache.commons.csv.ExtendedBufferedReaderTest.testReadLine(org.apache.commons.csv.ExtendedBufferedReaderTest)
ExtendedBufferedReader.java,org.apache.commons.csv.ExtendedBufferedReader,org.pitest.mutationtest.engine.gregor.mutators.returns.EmptyObjectReturnValsMutator,readLine,134,KILLED,org.apache.commons.csv.ExtendedBufferedReaderTest.testEmptyInput(org.apache.commons.csv.ExtendedBufferedReaderTest)
CSVParser.java,org.apache.commons.csv.CSVParser,org.pitest.mutationtest.engine.gregor.mutators.VoidMethodCallMutator,<init>,92,SURVIVED,none
CSVParser.java,org.apache.commons.csv.CSVParser,org.pitest.mutationtest.engine.gregor.mutators.returns.PrimitiveReturnsMutator,getLineNumber,249,KILLED,org.apache.commons.csv.CSVParserTest.testGetLineNumberWithLF(org.apache.commons.csv.CSVParserTest)
CSVParser.java,org.apache.commons.csv.CSVParser,org.pitest.mutationtest.engine.gregor.mutators.NegateConditionalsMutator,getRecord,149,KILLED,org.apache.commons.csv.CSVParserTest.testEmptyFile(org.apache.commons.csv.CSVParserTest)
CSVParser.java,org.apache.commons.csv.CSVParser,org.pitest.mutationtest.engine.gregor.mutators.NegateConditionalsMutator,getRecord,158,TIMED_OUT,none
CSVParser.java,org.apache.commons.csv.CSVParser,org.pitest.mutationtest.engine.gregor.mutators.NegateConditionalsMutator,getRecord,160,KILLED,org.apache.commons.csv.CSVParserTest.testEmptyFile(org.apache.commons.csv.CSVParserTest)
CSVParser.java,org.apache.commons.csv.CSVParser,org.pitest.mutationtest.engine.gregor.mutators.VoidMethodCallMutator,getRecord,137,TIMED_OUT,none
CSVParser.java,org.apache.commons.csv.CSVParser,org.pitest.mutationtest.engine.gregor.mutators.returns.NullReturnValsMutator,getRecord,163,KILLED,org.apache.commons.csv.CSVParserTest.testLineFeedEndings(org.apache.commons.csv.CSVParserTest)
CSVParser.java,org.apache.commons.csv.CSVParser,org.pitest.mutationtest.engine.gregor.mutators.NegateConditionalsMutator,getRecords,123,KILLED,org.apache.commons.csv.CSVParserTest.testLineFeedEndings(org.apache.commons.csv.CSVParserTest)
CSVParser.java,org.apache.commons.csv.CSVParser,org.pitest.mutationtest.engine.gregor.mutators.returns.EmptyObjectReturnValsMutator,getRecords,126,KILLED,org.apache.commons.csv.CSVParserTest.testLineFeedEndings(org.apache.commons.csv.CSVParserTest)
CSVParser.java,org.apache.commons.csv.CSVParser,org.pitest.mutationtest.engine.gregor.mutators.ConditionalsBoundaryMutator,initializeHeader,187,KILLED,org.apache.commons.csv.CSVParserTest.testProvidedHeader(org.apache.commons.csv.CSVParserTest)
CSVParser.java,org.apache.commons.csv.CSVParser,org.pitest.mutationtest.engine.gregor.mutators.NegateConditionalsMutator,initializeHeader,171,KILLED,org.apache.commons.csv.CSVParserTest.testEmptyFile(org.apache.commons.csv.CSVParserTest)
CSVParser.java,org.apache.commons.csv.CSVParser,org.pitest.mutationtest.engine.gregor.mutators.NegateConditionalsMutator,initializeHeader,175,KILLED,org.apache.commons.csv.CSVParserTest.testProvidedHeader(org.apache.commons.csv.CSVParserTest)
CSVParser.java,org.apache.commons.csv.CSVParser,org.pitest.mutationtest.engine.gregor.mutators.NegateConditionalsMutator,initializeHeader,178,KILLED,org.apache.commons.csv.CSVParserTest.testHeader(org.apache.commons.csv.CSVParserTest)
CSVParser.java,org.apache.commons.csv.CSVParser,org.pitest.mutationtest.engine.gregor.mutators.NegateConditionalsMutator,initializeHeader,186,KILLED,org.apache.commons.csv.CSVParserTest.testProvidedHeader(org.apache.commons.csv.CSVParserTest)
CSVParser.java,org.apache.commons.csv.CSVParser,org.pitest.mutationtest.engine.gregor.mutators.NegateConditionalsMutator,initializeHeader,187,KILLED,org.apache.commons.csv.CSVParserTest.testProvidedHeader(org.apache.commons.csv.CSVParserTest)
CSVParser.java,org.apache.commons.csv.CSVParser,org.pitest.mutationtest.engine.gregor.mutators.returns.EmptyObjectReturnValsMutator,initializeHeader,192,KILLED,org.apache.commons.csv.CSVParserTest.testProvidedHeader(org.apache.commons.csv.CSVParserTest)
CSVParser.java,org.apache.commons.csv.CSVParser,org.pitest.mutationtest.engine.gregor.mutators.returns.NullReturnValsMutator,iterator,200,KILLED,org.apache.commons.csv.CSVParserTest.testIterator(org.apache.commons.csv.CSVParserTest)
CSVRecord.java,org.apache.commons.csv.CSVRecord,org.pitest.mutationtest.engine.gregor.mutators.NegateConditionalsMutator,<init>,39,KILLED,org.apache.commons.csv.CSVParserTest.testExcelFormat2(org.apache.commons.csv.CSVParserTest)
CSVRecord.java,org.apache.commons.csv.CSVRecord,org.pitest.mutationtest.engine.gregor.mutators.returns.EmptyObjectReturnValsMutator,get,49,KILLED,org.apache.commons.csv.CSVParserTest.testProvidedHeader(org.apache.commons.csv.CSVParserTest)
CSVRecord.java,org.apache.commons.csv.CSVRecord,org.pitest.mutationtest.engine.gregor.mutators.NegateConditionalsMutator,get,60,KILLED,org.apache.commons.csv.CSVParserTest.testProvidedHeader(org.apache.commons.csv.CSVParserTest)
CSVRecord.java,org.apache.commons.csv.CSVRecord,org.pitest.mutationtest.engine.gregor.mutators.NegateConditionalsMutator,get,66,KILLED,org.apache.commons.csv.CSVParserTest.testProvidedHeader(org.apache.commons.csv.CSVParserTest)
CSVRecord.java,org.apache.commons.csv.CSVRecord,org.pitest.mutationtest.engine.gregor.mutators.returns.EmptyObjectReturnValsMutator,get,66,KILLED,org.apache.commons.csv.CSVParserTest.testProvidedHeader(org.apache.commons.csv.CSVParserTest)
CSVRecord.java,org.apache.commons.csv.CSVRecord,org.pitest.mutationtest.engine.gregor.mutators.returns.NullReturnValsMutator,iterator,70,NO_COVERAGE,none
CSVRecord.java,org.apache.commons.csv.CSVRecord,org.pitest.mutationtest.engine.gregor.mutators.returns.PrimitiveReturnsMutator,size,81,NO_COVERAGE,none
CSVRecord.java,org.apache.commons.csv.CSVRecord,org.pitest.mutationtest.engine.gregor.mutators.returns.EmptyObjectReturnValsMutator,toString,86,NO_COVERAGE,none
CSVRecord.java,org.apache.commons.csv.CSVRecord,org.pitest.mutationtest.engine.gregor.mutators.returns.NullReturnValsMutator,values,74,KILLED,org.apache.commons.csv.CSVParserTest.testExcelFormat2(org.apache.commons.csv.CSVParserTest)
CSVParser.java,org.apache.commons.csv.CSVParser$1,org.pitest.mutationtest.engine.gregor.mutators.returns.NullReturnValsMutator,getNextRecord,228,KILLED,org.apache.commons.csv.CSVParserTest.testIterator(org.apache.commons.csv.CSVParserTest)
CSVParser.java,org.apache.commons.csv.CSVParser$1,org.pitest.mutationtest.engine.gregor.mutators.NegateConditionalsMutator,hasNext,204,KILLED,org.apache.commons.csv.CSVParserTest.testIterator(org.apache.commons.csv.CSVParserTest)
CSVParser.java,org.apache.commons.csv.CSVParser$1,org.pitest.mutationtest.engine.gregor.mutators.NegateConditionalsMutator,hasNext,208,KILLED,org.apache.commons.csv.CSVParserTest.testIterator(org.apache.commons.csv.CSVParserTest)
CSVParser.java,org.apache.commons.csv.CSVParser$1,org.pitest.mutationtest.engine.gregor.mutators.returns.BooleanTrueReturnValsMutator,hasNext,208,KILLED,org.apache.commons.csv.CSVParserTest.testIterator(org.apache.commons.csv.CSVParserTest)
CSVParser.java,org.apache.commons.csv.CSVParser$1,org.pitest.mutationtest.engine.gregor.mutators.NegateConditionalsMutator,next,215,KILLED,org.apache.commons.csv.CSVParserTest.testIterator(org.apache.commons.csv.CSVParserTest)
CSVParser.java,org.apache.commons.csv.CSVParser$1,org.pitest.mutationtest.engine.gregor.mutators.NegateConditionalsMutator,next,218,KILLED,org.apache.commons.csv.CSVParserTest.testIterator(org.apache.commons.csv.CSVParserTest)
CSVParser.java,org.apache.commons.csv.CSVParser$1,org.pitest.mutationtest.engine.gregor.mutators.returns.NullReturnValsMutator,next,223,KILLED,org.apache.commons.csv.CSVParserTest.testIterator(org.apache.commons.csv.CSVParserTest)
Token.java,org.apache.commons.csv.Token,org.pitest.mutationtest.engine.gregor.mutators.VoidMethodCallMutator,reset,57,KILLED,org.apache.commons.csv.CSVParserTest.testExcelFormat2(org.apache.commons.csv.CSVParserTest)
Token.java,org.apache.commons.csv.Token,org.pitest.mutationtest.engine.gregor.mutators.returns.NullReturnValsMutator,reset,60,KILLED,org.apache.commons.csv.CSVLexerTest.testNextToken2(org.apache.commons.csv.CSVLexerTest)
